jgoelen = Jurgen Goelen
sdeleuze = Sébastien Deleuze
zhanhb = zhanhb
ericbottard = Eric Bottard
tree-chutes = null
mikemosseri = null
madorb = Ben
peterdnight = null
Bert-R = Bert Roos
Stummi = Michael Stummvoll
bjorntj = null
f-ld = fabien
hengyunabc = hengyunabc
EvilJinious1 = Larry 
btiernay = Bob Tiernay
ewolff = Eberhard Wolff
edwardbeckett = Edward J Beckett
praveen12bnitt = Palanivelrajan Balasubramanian
frensley = Shane Frensley
wilkinsona = Andy Wilkinson
Infeligo = Mihhail Verhovtsov
vorburger = Michael Vorburger ⛑️
skidr0w = Yannick Reifschneider
saltnlight5 = Zemian Deng
PeterNSteinmetz = Peter N. Steinmetz
gi4nks = G.
olle = Olle Törnström
NiteshMehta = null
rcomblen = Richard Comblen
jhyot = Janne
hantsy = Hantsy Bai
ppawel = Paweł Paprota
pivotal-issuemaster = Pivotal Issuemaster
melix = Cédric Champeau
eepstein = Ezra Epstein
RaphC = null
jhoeller = Juergen Hoeller
mjustin = null
dantesun = Dante Sun
neblina-software = Neblina Software
jeromevalentin = Jérôme
ViktorRiabinin = Victor
stromnet = Johan Ström
WildDev = Georgy
kdvolder = Kris De Volder
snicoll = Stéphane Nicoll
nandhusriram = Nandhu
oliverwehrens = Oliver Wehrens
obourgain = Olivier Bourgain
nobeans = Yasuharu Nakano
blagerweij = Barry Lagerweij
baspet = null
thombergs = Tom Hombergs
janzyka = null
aluisiodsv = Aluisio Vanzolin
btrummer = Bernhard Trummer
mvitz = Michael Vitz
davidmelia = David Melia
bond- = Raviteja Lokineni
johanvdb = Johan van den Berg
jonas3ap = null
danielrohe = Daniel Rohe
niqiumao = null
ukleeberger = Ulrich Kleeberger
cpisto = Cody Pisto
pwielgolaski = Piotr Wielgolaski
toplac = Tobias Placht
philippn = Philipp Nanz
ptahchiev = Petar Tahchiev
simonbasle = Simon Baslé
sauliust = Saulius Tvarijonas
tjuerge = Torsten Juergeleit
wimdeblauwe = Wim Deblauwe
candrews = Craig Andrews
yairogen = Yair Ogen
foygl = William Starling
mind-blowing = Ivan Masich
denschu = Dennis Schulte
znikola = null
tbadie = Thomas Badie
acrolink = null
donovanmuller = Donovan Muller
faroe228 = Laurence
britter = Benedikt Ritter
aldoluciano = Aldo Luciano
gandola = Pedro Gandola
maxsap = null
jfarcand = Jeanfrancois Arcand
krm1312 = null
bturner = Bryan Turner
ThomBrando = Thom Brando
andrzejsliwa = Andrzej Sliwa
lhazlewood = Les Hazlewood
peterjurkovic = Peter Jurkovic
ninj = null
hinotori = Danilo
anand1st = null
matsev = Mattias Severson
demongloom = Dmitry Bakaleinik
bedge = Bruce Edge
bep = Bjørn Erik Pedersen
altery = null
dzlab = bachr
shalom938 = Shalom Ben Zvi Kazaz
tan9 = Pei-Tang Huang
gregturn = Greg Turnquist
sawano = Daniel Sawano
tetrapaz = null
magiccrafter = Nasko Vasilev
westse = null
agebhar1 = Andreas Gebhardt
rishiparanjape = Rishi Paranjape
lincetto = Andrea Lincetto
dagan = Dagan Henderson
beepsoft = beep
apogrebnyak = null
nobecutan = Christof R
shakuzen = Tommy Ludwig
bohrqiu = bohr
xtanon = null
lievendoclo = Lieven Doclo
stefan-huettemann = Stefan Hüttemann
99sono = null
ikolomiets = Igor Kolomiets
making = Toshiaki Maki
icanfly = null
Tera = Stefano Massera
peruzzo = Tiago Peruzzo
vinayvishal = null
chrylis = Christopher Smith
sebhoss = Sebastian Hoß
anton-martynov = Anton Martynov
wangxufire = wangxufire
bbarker = Brandon Elam Barker
afaulconbridge = Adam Faulconbridge
lpborges = Leandro Borges
mysoko = mysoko
zhaitao = Tony Zhai
hohwille = Jörg Hohwiller
damianbl = Damian
dturanski = David Turanski
jsiebahn = null
dustinschultz = Dustin Schultz
jamelt = Jamel Toms
jonbe242 = Jonas Bergvall
PeterSt66 = null
GitoMat = null
avarabyeu = Andrei Varabyeu
lsiu = Leonard Siu
zhiyli = null
FireInTheWall = hangyu du
sjoerdmulder = Sjoerd Mulder
Drizzt321 = null
jasperblues = Jasper Blues
micke239 = Mikael Nilsson
ceefour = Hendy Irawan
gmarziou = Gaël Marziou
aahlenst = Andreas Ahlenstorf
eddumelendez = Eddú Meléndez Gonzales
toughpheeckouse = null
jaroslav-muller = null
mbenson = Matt Benson
jstrachan = James Strachan
mdvorak = Michal Dvořák
dsawsome = Dan
avallen = Andreas Vallen
malafeev = Sergei Malafeev
tryptophane = Dr. Pascal Pollet
sebastiankirsch = Sebastian Kirsch (@skirsch79)
glaforge = Guillaume Laforge
stephane-deraco = Stéphane DERACO
yarodinD = null
bin01 = null
igormukhin = Igor Mukhin
AlexFalappa = Alessandro Falappa
axelfontaine = Axel Fontaine
nebhale = Ben Hale
michail-nikolaev = Michail Nikolaev
chrisdadej = null
zachariahyoung = Zachariah Young
bikeholik = null
julmuell = Julian
jbcpollak = Joshua Chaitin-Pollak
arnaldop = Arnaldo Piccinelli
jchocholacek = Jozef Chocholacek
mnhock = null
erling = Erling
nagarajasr = null
mikegehard = Mike Gehard
alidufour = null
anwarchk = Anwar Chirakkattil
deronjic = null
rocketraman = Raman Gupta
berlin-ab = Adam Berlin
jvalkeal = Janne Valkealahti
ianaz = Silvio Rainoldi
hekonsek = Henryk Konsek
frankoid = Francis Devereux
mariuszs = Mariusz Smykuła
gsurrel-orange = null
tinexw = null
sergey-morenets = Sergey Morenets
Polve = Alessandro Polverini
Pedramrn = Pedram
Koizumi85 = null
gerjantd = null
juanpablo-santos = Juan Pablo Santos Rodríguez
sandipchitale = SANDIP CHITALE
adenix = Austin Nicholas
xak2000 = Ruslan Stelmachenko
davetownsend = Dave Townsend
mdeimel = null
oliver-schoenherr = Oliver Schönherr
tommagowan = null
Dolvic = Akshay Gupta
mstine = Matt Stine
sthzg = Stephan Herzog
simonso = Simon
pcnitk = null
vincent-vieira = Vincent Vieira
chornyi = Dmitry Chornyi
KramKroc = Mark Corkery
leon = Leon Radley
dpetrac = null
kajelas = null
mangrish = Mark Angrish
IamGabrielWu = Gabriel Wu
Toparvion = null
sachinwalia2k8 = Sachin Walia
andriusvelykis = Andrius Velykis
slavus = Hrvoje Slaviček
rreitmann = René Reitmann
rburawes = Rae Burawes
masrawi = null
yglodt = Yves Glodt
masonmei = mason
maddy-markovitz = null
marioja = Mario Jauvin
sebge2 = Sébastien Gérard
hashpyrit = null
jomilanez = Josiane Milanez
frankr12 = null
olimpiks = olimpiks
GaganNoorSingh = null
adam-balazs = Adam Balazs
rwinch = Rob Winch
kadkaz = null
cbornet = Christophe Bornet
linead = Daniel Fullarton
khoubyari = Siamak Khoubyari
smazade = null
raphinesse = Raphael von der Grün
jebeaudet = Jacques-Etienne Beaudet
BernhardWenzel = Bernhard Wenzel
sambernet = null
spring-issuemaster = Spring Issuemaster
andysworkshop = Andy Brown
izeye = Johnny Lim
magJ = Magnus
ityouknow = june.neo
sfussenegger = Stefan Fussenegger
celkins = Christopher Elkins
sebastienetronnier = Sébastien Etronnier
mziemba = Michał Ziemba
dnitzan = Daniel Nitzan
arvind-das = Arvind Das
vince-bickers = Vince Bickers
dguggi = null
zlogic = Dmitry Zolotukhin
adeelmahmood = Adeel Qureshi
sakanaou = null
marcingrzejszczak = Marcin Grzejszczak
nodje = null
bonhamcm = Chris Bonham
jarielpa = null
projuri = Juri
ukjbrown = Jamie Brown
okohub = Onur Kağan Özcan
dudevon = Adnan Causevic
whgibbo = null
lewisheadden = Lewis Headden
PostalBear = Grigory Fadeev
mbyrne00 = Matt Byrne
istonikula = Isto Nikula
martinlippert = Martin Lippert
alwaysastudent = null
chanjarster = Daniel Qian
tonyob = null
sylvainlaurent = null
gaqzi = Björn Andersson
farmerworking = null
emassip = Etienne M.
bclozel = Brian Clozel
ssherwood = Shawn Sherwood
cemo = Cemalettin Koc
adriancole = Adrian Cole
charlie-harvey = Charles Harvey III
rkawala = Rick Kawala
paolodenti = Paolo Denti
lfridael = Laurens Fridael
markfisher = Mark Fisher
akred = null
krasa = Vojtěch Krása
airduster = Selwyn Jacobs
janowak = Jakub
KamikaZeeFu = Jakob Fels
triberraar = null
mingzhi5626 = ZhiMing
robertdale = Robert Dale
sabras75 = null
n-at = Alexey Nurgaliev
rattek = null
mmobini = Majid 
pradtke = Patrick
xenoterracide = Caleb Cushing
maximede = Maxime Deravet
cebaa = null
pavax = Patrick D.
jordi-rubio = Jordi Rubio Auguets
ghilainm = null
imod = Dominik Bartholdi
deepu105 = Deepu K Sasidharan
gdubya = Gareth Western
StasKolodyuk = Stas
aantono = Alex Antonov
mrumpf = Michael Rumpf
miller79 = null
mmoayyed = Misagh Moayyed
benneq = null
jloisel = Jerome Loisel
julien-may = Julien May
richard-stowe = null
andrewduckett = Andrew Duckett
Shredder121 = Ruben Dijkstra
graemerocher = Graeme Rocher
slauth = null
schoel-bis = null
robertotru = Roberto Trunfio
pmvilaca = Pedro Vilaça
a-monty-only = a-month-only
paweln1986 = Pawel Nosal
fguerout = François Guérout
rhuss = Roland Huß
jonfreedman = Jon Freedman
davidgoate = David Goaté
adriffaud = Adrien Driffaud
realduke2000 = houhualong
sixrandanes = Sylvain
piotrturski = Piotr Turski
drzewo = Dominik Drzewiecki
metcox = Metcox
topu = null
Powerrr = Roman Kozlov
mus65 = null
bmancini42 = Ben
omeryounus = Omer Younus
EdwardsBean = null
rupams2002 = Mohammed Ziaul Hasan
ggtools = Christophe Labouisse
nvoxland = Nathan Voxland
gurinderu = Nick
bluzcat = null
cbelleza = Carlos Alberto
spencergibb = Spencer Gibb
amezick = Angus Mezick
jerrinot = Jaromir Hamala
dhauge = Douglas Hauge
marinoj = Marinó A. Jónsson
snow8261 = null
FaboSc = null
konrad-garus = Konrad Garus
fhanik = Filip Hanik
andrewharmellaw = Andrew Harmel-Law
jyemin = Jeff Yemin
Jack2code = Jack Leung
leflamm = Christian Flamm
pfernandom = Pedro Marquez
fracoon = Frank Seebach
anderius = Anders Båtstrand
logogin = Pavel Danchenko
faisalferoz = null
gdpotter = Greg Potter
jvdmr = Joris Vandermeersch
sddakoty = null
yurilo = null
pstinghua = Yuanliang Xie
hotblac = Stuart 'Stevie' Leitch
fedecz = Federico Czerwinski
ukdave = David Bull
robersongomes = Roberson Gomes
girtsn = null
mkadan = null
dsyer = Dave Syer
jeacott = null
s4s0l = Marcin Wielgus
Corni = Cornelius Riemenschneider
ktong = Kuisong Tong
artembilan = Artem Bilan
jkirsch = J.
ulisesbocchio = Ulises Bocchio
shimikano = Yoshimi
renannprado = Renann Prado
philwebb = Phil Webb
buwi = null
lhartikk = Lauri Hartikka
rstoyanchev = Rossen Stoyanchev
ddossot = David Dossot
GreyTeardrop = Nikolay Rybak
BigMichi1 = Michael Cramer
Mark666 = null
sergeykad = null
lbeuster = Lars Beuster
garyrussell = Gary Russell
n1ko-w1ll = Niko Will
beverage = null
derTobsch = Tobias Schneider
RichardCSantana = Richard Santana
muldon = Rodrigo Fernandes 
sarpk = Sarp
tommysitu = Tommy Situ
goranmagdic = Goran Magdić
ashrafsarhan = Ashraf Sarhan
kazuki43zoo = Kazuki Shimizu
bassemZohdy = Bassem Reda Zohdy
ericdahl = Eric Dahl
steve-oakey = Steve Oakey
tomaslin = Tomás Lin
munkrig = null
ksperling = Karsten Sperling
RobMaskell = Rob Maskell
PedroAlvarado = Pedro Alvarado
lhanson = Lyle Hanson
Xiang-Ji615 = null
chli1 = null
hepoiko = null
rmorgan = Ryan Morgan
joshthornhill = null
mbogoevici = Marius Bogoevici
cdupuis = Christian Dupuis
PatrickTheFirst = Patrick Thaele
MadPitman = Konstantin Lepa
kurtzettel = Kurt Zettel
alexzhang2015 = alex
sbrannen = Sam Brannen
vpavic = Vedran Pavić
C-Otto = Carsten Otto
cfieber = Cameron Fieber
borislopezaraoz = blad
djschilling = David Schilling
spazbob = null
jendap = Jan Prach
ayackel = Alan Yackel
maol74 = Mattias Olofsson
mdoninger = Manuel Doninger
razorree = null
glyn = Glyn Normington
oembedler = oEmbedler Inc.
sha1n = Shai Nagar
tsachev = Vladimir Tsanev
roberthunt = Rob
michelzanini = null
cxiaolng = null
molexx = null
hban = null
dan-nawrocki = null
mkw = Michael Werle
AlexanderPruss = Alexander Pruss
tommack = Tom Mack
jlorenzen = James Lorenzen
christianbauer = Christian Bauer
tekul = ___
cbeams = Chris Beams
tonyghita = Tony Ghita
indicalabs = null
martin-g = Martin Grigorov
ilayaperumalg = Ilayaperumal Gopinathan
cowtowncoder = Tatu Saloranta
irozzo = Iacopo Rozzo
damaru-inc = Michael Davis
pedrox = Pedro Pedruzzi
bruce-szalwinski = Bruce Szalwinski
micjaesc = Michal Jaeschke
alanfranz = Alan Franzoni
tryIO = Luca Guadagnini
wboyle01 = null
jboverfelt = Justin Overfelt
woodforda = Andrew
strattonw = Wesley
arbixy = null
SingleShot = Mike Whittemore
tony-brewerio = Anton Ustyuzhanin
Jacksai = Tomasz Bawor
christophstrobl = Christoph Strobl
jgoldhammer = Jens Goldhammer
thebignet = Jean Detoeuf
dthume = David Thomas Hume
ralscha = Ralph Schaer
rajadileepkolli = Raja Dilip Kolli
dome313 = Marko Vranjkovic
jntakpe = Jocelyn N'TAKPÉ
ulisses79 = Marek
mrajibkhan = Rajib Khan
alvarezmario = Mario A. Alvarez Garcia
kakawait = Thibaud Lepretre
valters = Valters Vingolds
patrickherrera = Patrick Herrera
fxavier = null
hoserdude = Tim Hobson
kutzi = Christoph Kutzinski
sukrit007 = Sukrit Khera
chr-b = null
michael-simons = Michael Simons
syepes = Sebastian YEPES
luan-cestari = null
matthews614 = null
hg-schneider = Hg Schneider
joshlong = Josh Long
Dreampie = Dreampie
ArloL = Arlo Louis O'Keeffe
davsclaus = Claus Ibsen
lukosan = Luke Pryor
yannanzheng = null
bmoritz = null
CalamarBicefalo = José Carlos Valero Sánchez
mp911de = Mark Paluch
rainerfrey = Rainer Frey
gbitaudeau = Guillaume BITAUDEAU
hanswesterbeek = Hans Westerbeek
tleveque23 = Thierry Lévèque
hbrands = Holger Brands
igreenfield = Izek Greenfield
php-coder = Vyacheslav Semushin
kennyk65 = null
paskos = Pascal Gehl
pbeaumontQc = Patrick Beaumont
prasadbhima = Prasad Bhima
brenuart = Bertrand Renuart
rakpan = Rakesh
interair = vitaly
guidograzioli = Guido
piscesvivian = wang zhengwei
apahne = null
stepancheg = Stepan Koltsov
andersonkyle = Kyle Anderson
stojsavljevic = Aleksandar Stojsavljevic
ldoguin = Laurent Doguin
gaeloberson = null
ktoso = Konrad `ktoso` Malawski
itchyknee = Pat Turner
lazee = Jakob Vad Nielsen
tvirtualw = null
amgohan = Sidi Amine Bouhamidi
aricooperman = Ari Cooperman
dwursteisen = null
king-h = null
olivergierke = Oliver Gierke
ericdahl-shutterfly = null
kuhnroyal = Peter Leibiger
romainmoreau = null
shollander = null
anders-holmberg-baath = Anders Holmberg Bååth
ihr = Ivan Hristov
oak-tree = null
abelsromero = Abel Salgado Romero
jasoncarreira = Jason Carreira
zxkane = Meng Xin Zhu
n0mer = Nikolay Gorylenko
gilles-stragier = null
ksokol = Kamill Sokol
sergiorc = Sergio Roldán
mxab = Max Bruchmann
yeta-io = Yeta IO
ilyesy = null
seakayone = Christian Kleinbölting
nnanda2016 = Niranjan
duncan-at-hiveit = Duncan Watson
dariuszlesniak = null
mdeinum = Marten Deinum
sandip-jadhav = null
LeovR = Jan Marten
joshiste = Johannes Edmeier
ghillert = Gunnar Hillert
kirankumarpolusani = null
ConsciousObserver = Observer
ghost = Deleted user
caneraydinbey = null
christian-laakmann = Christian Laakmann
kabadisha = Charles Wilkinson
zibbly = null
ptheohar = ptheo
vemod = null
kbastani = Kenny Bastani
mchiareli = Maxwell Chiareli
rohajda = Robert Ohajda
jtbeckha = Jared Beckham
mgrossmann = Mike Großmann
thiagokronig = Thiago Kronig
cmuchinsky-zz = null
pz7 = null
avthart = Albert van 't Hart
aruberto = Antonio Ruberto
WalternativE = Gregor Beyerle
ummershervani = null
jhrishikesh = Hrishikesh Joshi
sing1ee = Cheng Zhang
ztomic = Željko Tomić
andreasmaier = Andreas Maier
tjuchniewicz = Tomasz Juchniewicz
Lex4hex = Alexey Zotov
silentcode12 = null
paweldolecinski = Paweł Doleciński
boostrack = boostrack
edehde = Eike Thienemann-Dehde
nwoike = Nick Woike
marceloverdijk = Marcel Overdijk
aclement = Andy Clement
dhay = null
rymsha-phonect = null
matthewsommer = Matt Sommer
hoene = Christian Hoene
Fiouz = null
reliveyy = Yang Yang
deradam = Adam Giemza
alebar = Aleksander Bartnikiewicz
amingilani = Amin Shah Gilani
ismakc = ismakc
Kernle32DLL = Björn Gerdau
codymccain = Cody McCain
cristianprofile = Cristian Romero Matesanz
jdubois = Julien Dubois
YannCebron = Yann Cébron
drumonii = Drummond
mihkels = Mihkel Selgal
maxromanovsky = Max Romanovsky
xfcjscn = S
ejwood79 = Eric Wood
mraible = Matt Raible
rsallar = Ramon
leonard84 = Leonard Brünings
checketts = null
nikilsss = null
droram = null
wujek-srujek = null
Artgit = null
xtremebiker = null
pcornelissen = Patrick Cornelißen
henszey = Ryan Henszey
owahlen = Oliver Wahlen
loesak = Aaron Loes
dhoffi = Dirk Hoffmann
jkubrynski = Jakub Kubryński
jakobfaerch = Jakob Færch
imgx64 = null
torerefsnes = null
sprgn = Alex Filatov
Selindek = null
mbreslow = Marc Breslow
altfatterz = Zoltan Altfatter
kohanyirobert = Kohányi Róbert
wushp = 吴圣平
trisberg = Thomas Risberg
herau = Aurélien Leboulanger
markt-asf = Mark Thomas
dnno = Reinhard Prechtl
jamesclark92 = James Clark
searhiy = Serhii Kartashov
february = Hao
laurikimmel = Lauri Kimmel
mbhave = Madhura
mandado = Jorge Roberto Tomaz Junior
hypery2k = Martin Reinhardt
qtica = null
markpollack = Mark Pollack
antoinecarton = Antoine Carton
zyro23 = zyro
fawzyj = null
michael-kuss = Michael Kuss
bbrouwer = Bruce Brouwer
jceloi = null
